{
    "stable-diffusion-xl-base-1.0": {
        "accuracy": {
            "5000": {
                "fid_valid_range": [23.01085758, 23.95007626],
                "clip_valid_range": [31.68631873, 31.81331801]
            },
            "100": {
                "fid_valid_range": [182.78657778059338, 183.9511842650918],
                "clip_valid_range": [31.70502465208177, 32.094664207879916]
            }
        }
    }
}